1,1993-11-21 03:44:42,2013-05-25 22:21:50,MN,1,Prof. Alf Trantow,malcolm.farrell@hotmail.com
2,2013-11-01 07:19:24,2014-02-23 04:11:17,AL,1,Mr. Giuseppe Nicolas I,prosacco.eve@yahoo.com
3,1995-03-18 12:24:22,2004-02-04 20:03:25,IA,1,Talia Christiansen I,iolson@gmail.com
4,1999-07-04 06:34:24,1971-06-03 16:28:44,AR,0,Caleigh Sipes,una71@yahoo.com
5,1981-11-30 01:43:45,2016-07-02 02:44:07,SD,1,Oran Sawayn,kirstin.haag@hotmail.com
6,2010-06-10 03:56:19,1985-02-24 11:01:25,NC,1,Miss Claudie Ward III,hayes.andre@yahoo.com
7,2005-07-21 05:56:14,1995-10-15 06:50:52,WV,1,Alfred Jacobs,keira10@gmail.com
8,1998-04-25 10:23:21,1987-08-24 19:40:34,MO,1,Kelley Ortiz,tyrel19@hotmail.com
9,1981-09-21 20:05:36,1975-06-17 17:53:10,AR,1,Krystina Carroll,kathryn19@hotmail.com
10,2012-08-03 00:19:12,2009-06-21 23:32:53,TX,1,Cyrus Cole,weimann.emily@hotmail.com
11,1975-02-05 03:49:47,1994-05-21 00:24:10,TX,1,Mrs. Elissa Schiller I,bradtke.burnice@hotmail.com
12,1999-12-06 12:57:33,2007-04-24 13:22:48,AL,1,Rhoda Rolfson,rutherford.karina@gmail.com
13,1996-12-27 02:43:22,1977-07-09 17:16:48,SC,1,Roma Hills II,mollie.ward@yahoo.com
14,1981-08-09 20:26:32,2007-10-12 18:10:48,NY,1,Giovanni Hilll,sbins@yahoo.com
15,2008-07-24 09:36:45,1972-07-17 03:31:55,AK,0,Gaston Cremin,claudia30@yahoo.com
16,1996-05-31 07:02:51,1998-11-18 18:33:29,OR,1,Mrs. Greta Jones,gust10@yahoo.com
17,1978-07-01 01:11:27,1998-10-25 14:29:42,WA,1,Ransom Greenholt,gerda56@gmail.com
18,1970-01-23 02:50:00,1998-12-13 22:46:38,TN,1,Margarete Upton,hahn.olga@hotmail.com
19,1979-11-28 09:55:37,2002-02-05 08:12:42,FL,1,Destany Torphy PhD,pbalistreri@hotmail.com
20,1973-08-04 01:15:45,1975-04-19 17:37:31,MD,1,Nayeli Johnston,cruickshank.dewitt@gmail.com
21,1985-07-18 11:29:44,1990-10-21 02:54:40,ID,0,Xavier Gutmann,uwatsica@hotmail.com
22,2002-06-11 08:33:12,1989-08-22 14:09:07,IN,0,Prof. Carmelo Hodkiewicz,sabshire@yahoo.com
23,2004-10-02 18:54:15,2013-09-20 21:25:13,LA,1,Mr. Arjun Hilll Sr.,adelia.jacobi@hotmail.com
24,2001-12-08 11:41:00,1976-03-25 08:01:36,VT,1,Shayne Franecki,orion94@hotmail.com
25,1974-05-21 02:07:45,2000-10-19 03:05:23,DC,1,Dr. Monique Ullrich,veum.eloisa@yahoo.com
26,2000-11-21 09:23:16,1978-12-07 23:57:43,AK,0,Julian Jacobi,maximillian05@yahoo.com
27,2011-11-01 09:22:46,2006-11-30 21:21:58,VT,1,Hilario Funk IV,wspencer@hotmail.com
28,1995-10-27 00:55:57,1995-07-27 17:13:24,OR,1,Tavares Quitzon,rafael.brown@yahoo.com
29,1976-06-08 19:06:32,1978-08-23 21:42:24,VT,0,Marley King,rbailey@yahoo.com
30,1991-05-31 09:02:14,1973-01-14 00:42:01,VT,1,Alyce Bartoletti Jr.,krystina.ratke@hotmail.com
